{"mean": [0.3267484712931845, 0.24657208193702246, 0.26373115821065857, 0.2796910165997794, 0.3945316827423822, 0.4224824693382663, 0.3459650391006684, 0.23036457714015995, 0.33329374517095, 0.3233451276440843, 0.3531779764551864, 0.096412196147415, 0.38587859701943505, 0.3724616978035639, 0.573374712705807, 0.096412196147415, 0.26373115821065857, 0.24657208193702246, 0.096412196147415, 0.09243886319165623, 0.496664176777367, 0.049727486788136946], "std": [0.17631688216990757, 0.15342619992593137, 0.15465404612803646, 0.16799928916963275, 0.20178809621002813, 0.2318489446171671, 0.22009952584793352, 0.29208259458351016, 0.24838932790790977, 0.22757739942448796, 0.2985218456352365, 0.2760632071364139, 0.2501870598872255, 0.26345847739420475, 0.2561476527833268, 0.2760632071364139, 0.15465404612803646, 0.15342619992593137, 0.2760632071364139, 0.1083688268551933, 0.22973982790191327, 0.08968720891651302]}